price,make,model,year
6300,toyota,cruiser,2008
2899,ford,se,2011
5350,dodge,mpv,2018
25000,ford,door,2014
27700,chevrolet,1500,2018
5700,dodge,mpv,2018
7300,chevrolet,pk,2010
13350,gmc,door,2017
14600,chevrolet,malibu,2018
5250,ford,mpv,2017
10400,dodge,coupe,2009
12920,gmc,mpv,2017
31900,chevrolet,1500,2018
5430,chrysler,wagon,2017
20700,ford,door,2013
12710,gmc,door,2017
5200,kia,forte,2018
16500,buick,encore,2018
5210,ford,mpv,2017
38100,ford,door,2013
12520,gmc,door,2017
7300,kia,forte,2018
15000,chevrolet,door,2015
6180,ford,mpv,2017
20800,ford,door,2013
11900,gmc,door,2017
21500,kia,sorento,2020
12000,buick,door,2014
4190,ford,doors,2017
13000,ford,chassis,2008
12710,gmc,door,2017
18500,infiniti,q70,2016
29800,chevrolet,camaro,1973
5330,ford,mpv,2017
13000,ford,convertible,2003
11900,gmc,door,2017
16600,mercedes-benz,vans,2016
19200,chevrolet,1500,2018
7320,ford,mpv,2017
7000,ford,pk,2003
12710,gmc,door,2017
16600,mercedes-benz,vans,2016
30500,chevrolet,1500,2018
6330,ford,mpv,2017
55000,ford,srw,2017
12520,gmc,door,2017
16200,jeep,compass,2019
19000,chevrolet,malibu,2017
5580,dodge,mpv,2017
54000,ford,srw,2017
12710,gmc,mpv,2017
16000,jeep,compass,2019
27000,buick,enclave,2017
7760,ford,mpv,2017
19600,chrysler,300,2019
12920,gmc,mpv,2017
20000,jeep,cherokee,2019
18100,buick,door,2017
23000,chrysler,pacifica,2020
18500,chrysler,300,2019
13490,gmc,door,2017
20700,jeep,cherokee,2019
17800,chevrolet,door,2017
6650,ford,door,2017
29100,chrysler,pacifica,2019
12710,gmc,door,2017
21100,jeep,cherokee,2019
18600,chevrolet,door,2017
4340,ford,door,2017
19300,chrysler,300,2019
12780,gmc,door,2017
15800,jeep,compass,2019
29400,bmw,x3,2017
4430,ford,door,2017
19400,chrysler,300,2019
12520,gmc,door,2017
15900,jeep,compass,2019
26400,buick,door,2017
4140,ford,door,2017
18300,chrysler,300,2019
12520,gmc,door,2017
17900,jeep,compass,2019
18300,chevrolet,camaro,2017
4640,ford,door,2017
24000,ford,door,2016
13200,gmc,door,2017
18000,jeep,compass,2019
14900,chevrolet,equinox,2017
4140,ford,door,2017
11500,ford,door,2016
9110,ford,door,2017
7350,chrysler,door,2015
24500,bmw,door,2017
9300,ford,door,2017
39800,dodge,challenger,2015
53500,bmw,m,2017
15110,ford,door,2017
34000,ford,door,2015
26502,chevrolet,colorado,2017
5990,ford,mpv,2017
13600,ford,focus,2018
23605,cadillac,door,2017
10780,ford,mpv,2017
13800,ford,focus,2018
25201,cadillac,door,2017
7070,ford,mpv,2017
8700,ford,focus,2018
18003,chevrolet,malibu,2017
8530,ford,door,2017
23100,dodge,durango,2018
24500,cadillac,door,2017
7000,ford,mpv,2017
17000,ford,escape,2018
34002,chevrolet,1500,2017
6980,ford,mpv,2017
25000,dodge,charger,2018
20802,chevrolet,colorado,2017
9200,ford,door,2017
26500,chrysler,pacifica,2017
24802,chevrolet,colorado,2017
7070,ford,mpv,2017
28500,ford,door,2017
47500,cadillac,door,2017
23500,ford,explorer,2017
23505,chevrolet,colorado,2017
10940,ford,door,2017
32100,ford,f-150,2017
53000,chevrolet,3500,2018
6830,ford,mpv,2017
11900,dodge,caravan,2017
26414,chevrolet,1500,2017
4160,dodge,mpv,2018
19405,chevrolet,door,2017
5690,dodge,mpv,2018
25900,chrysler,van,2017
24005,chevrolet,1500,2017
5090,dodge,mpv,2018
19500,chrysler,300,2017
32012,chevrolet,1500,2017
6800,dodge,dart,2016
4260,dodge,mpv,2018
0,dodge,van,2008
31802,chevrolet,2500,2017
7210,dodge,doors,2018
0,dodge,door,2014
28402,chevrolet,1500,2017
6800,dodge,doors,2018
33300,cadillac,esv,2015
10780,dodge,mpv,2018
6700,ford,cutaway,2014
20000,chevrolet,1500,2016
6440,chrysler,doors,2018
19900,ford,door,2016
37000,chevrolet,door,2015
4040,dodge,mpv,2018
22300,ford,explorer,2016
31200,chevrolet,door,2011
4290,dodge,mpv,2018
22800,ford,el,2016
19002,cadillac,door,2016
4160,dodge,mpv,2018
18500,ford,edge,2016
39000,bmw,series,2016
6060,dodge,doors,2018
28800,ford,door,2016
40000,bmw,series,2016
6140,dodge,doors,2018
21000,ford,flex,2016
20105,buick,door,2016
6760,dodge,doors,2018
25800,ford,door,2014
39000,bmw,series,2016
5470,dodge,mpv,2018
14600,ford,door,2014
24502,chevrolet,1500,2016
15110,ford,door,2017
7900,ford,door,2014
27305,chevrolet,door,2016
15290,ford,door,2017
26500,ford,door,2015
25502,chevrolet,door,2016
7320,ford,mpv,2017
3800,chevrolet,van,2009
24502,chevrolet,door,2016
4140,ford,door,2017
1400,dodge,pk,2002
18402,cadillac,srx,2016
4160,ford,door,2017
175,chrysler,door,2000
24503,chevrolet,colorado,2016
15840,ford,door,2017
20500,ford,door,2014
21003,chevrolet,1500,2016
4200,ford,door,2017
17400,ford,door,2011
32001,chevrolet,door,2016
0,ford,mpv,2017
15700,ford,cab,2011
31009,chevrolet,door,2016
3740,ford,wagon,2017
5000,dodge,pickup,2001
31002,chevrolet,door,2016
3160,ford,doors,2017
8600,dodge,pickup,2005
6000,chevrolet,malibu,2018
12990,ford,door,2017
25,chevrolet,vehicl,2020
13200,buick,encore,2017
4410,ford,wagon,2017
25,chrysler,door,2005
22500,chevrolet,camaro,2020
7420,ford,mpv,2017
13500,ford,door,2016
15500,chevrolet,trax,2020
3540,ford,door,2017
17000,ford,door,2016
45500,chevrolet,tahoe,2020
4130,ford,door,2017
15700,ford,door,2015
45500,chevrolet,tahoe,2020
4130,ford,doors,2017
15500,dodge,door,2012
16300,chevrolet,trax,2020
4530,ford,mpv,2017
15600,dodge,door,2011
45500,chevrolet,tahoe,2020
4100,ford,door,2017
18200,dodge,door,2011
10200,chevrolet,door,2013
4080,ford,doors,2017
5700,ford,van,2014
10200,chevrolet,3500,2014
5000,ford,door,2017
1700,ford,door,2014
6200,bmw,door,2011
3650,ford,door,2016
10500,dodge,door,2014
43500,chevrolet,2500,2018
4610,dodge,van,2016
3450,ford,door,2012
38500,chevrolet,suburban,2018
6810,ford,mpv,2016
2900,ford,cargo,2011
43500,chevrolet,2500,2018
4450,ford,mpv,2016
5800,ford,door,2011
16500,chevrolet,equinox,2018
4240,dodge,mpv,2016
26500,ford,pickup,2008
13700,chevrolet,equinox,2017
8600,ford,door,2016
8000,ford,chassis,2008
14200,chevrolet,equinox,2017
7040,ford,mpv,2016
4700,ford,chassis,2005
30851,chevrolet,door,2016
4880,ford,mpv,2016
14500,dodge,pickup,2006
7600,chevrolet,door,2017
13270,ford,door,2016
12800,ford,door,2012
33000,chevrolet,1500,2018
9280,ford,door,2016
900,ford,van,2003
7560,ford,door,2016
19500,ford,drw,2011
17100,chevrolet,malibu,2019
8020,ford,door,2016
10300,ford,fiesta,2019
22600,chevrolet,van,2019
10480,ford,doors,2016
10300,ford,fiesta,2019
22700,chevrolet,van,2019
7410,ford,door,2016
10300,ford,fiesta,2019
10300,chevrolet,door,2013
7570,ford,door,2016
67000,dodge,challenger,2019
18900,chevrolet,impala,2019
12560,ford,doors,2019
33000,dodge,durango,2019
18300,chevrolet,impala,2019
11760,ford,cab,2017
31700,dodge,durango,2019
25,dodge,door,2007
0,ford,door,2000
7340,ford,doors,2019
8200,hyundai,door,2017
3000,kia,door,2013
6530,jeep,mpv,2019
0,mazda,door,2009
12700,kia,soul,2019
13800,kia,sorento,2017
0,chevrolet,pickup,1998
725,ford,door,2017
7400,ford,doors,2019
9800,hyundai,elantra,2017
0,honda,door,2003
4400,jeep,mpv,2019
10330,infiniti,mpv,2019
1800,chevrolet,door,2011
50,chevrolet,door,2008
720,ford,wagon,2006
22800,ford,door,2017
2500,ford,door,2017
0,ford,door,2003
9190,gmc,mpv,2017
10900,jeep,mpv,2019
10400,infiniti,mpv,2019
0,chevrolet,door,2004
0,chevrolet,door,2003
7320,chevrolet,pickup,2008
22809,ford,f-150,2017
0,ford,van,1998
0,ford,door,2013
5520,gmc,mpv,2017
10900,jeep,mpv,2019
6330,jeep,mpv,2019
0,chevrolet,door,2009
25,chevrolet,pickup,2010
2320,dodge,door,2007
23702,ford,door,2017
0,ford,chassis,1994
0,ford,door,1997
5520,gmc,mpv,2017
4050,heartland,pioneer,2018
14810,infiniti,mpv,2019
25,chevrolet,door,2011
2960,chrysler,van,2008
24800,ford,door,2017
0,ford,door,1996
0,ford,door,2006
6270,gmc,mpv,2017
1880,heartland,trail,2012
10050,infiniti,mpv,2019
225,chevrolet,door,2014
26900,chevrolet,traverse,2018
1420,chrysler,door,2007
27003,ford,door,2017
0,ford,door,2002
350,ford,door,2004
5600,gmc,mpv,2017
6680,heartland,country,2011
10120,infiniti,mpv,2019
0,chevrolet,door,2010
3920,ford,door,2015
23100,ford,door,2017
0,gmc,door,2004
5630,gmc,mpv,2017
0,heartland,sundance,2009
2800,jaguar,doors,2019
0,chevrolet,door,2008
8850,ford,door,2015
18712,ford,f-150,2017
0,ford,pickup,2009
0,ford,door,2009
6300,gmc,mpv,2017
2220,heartland,country,2010
6930,jeep,mpv,2019
25,chevrolet,door,2008
3440,ford,door,2015
50412,ford,door,2017
25,ford,pickup,1994
950,ford,pk,2001
9270,gmc,mpv,2017
11380,jeep,mpv,2019
5350,hyundai,mpv,2019
2725,chevrolet,door,2004
3790,ford,door,2015
40514,ford,door,2017
0,ford,door,1997
0,ford,door,1998
9190,gmc,mpv,2017
10330,infiniti,mpv,2019
1000,acura,door,2008
2925,bmw,door,2013
3830,ford,door,2015
43402,ford,door,2017
1025,gmc,door,2009
17200,honda,van,2016
54680,harley-davidson,road/street,2016
6940,honda,door,2010
13080,infiniti,mpv,2019
25,chevrolet,door,2007
10630,ford,door,2015
43009,ford,door,2017
25,gmc,door,2003
4600,ford,pickup,2006
4950,honda,mpv,2016
3760,hyundai,doors,2019
3900,acura,door,2009
0,cadillac,coupe,2000
3830,ford,door,2015
53500,ford,door,2017
25,ford,door,2010
25,ford,door,1998
6240,honda,door,2015
4150,jeep,door,2014
25,jeep,door,1999
61200,bmw,series,2020
0,buick,door,2006
13500,bmw,series,2014
6490,ford,door,2015
51502,ford,door,2017
250,ford,door,2010
25,ford,door,1984
8160,honda,van,2015
7770,jeep,door,2014
200,jeep,door,2001
25,audi,door,2008
0,chevrolet,door,1995
1825,bmw,coupe,2008
39800,bmw,series,2017
9210,ford,door,2015
58500,ford,srw,2019
125,ford,door,2014
3960,honda,door,2015
5998,hyundai,doors,2014
3700,honda,doors,2014
0,kia,wagon,2008
0,audi,door,2005
0,bmw,door,2000
5000,gmc,door,2012
15050,infiniti,mpv,2019
3960,hyundai,doors,2019
36300,lincoln,nautilus,2019
55600,lexus,gx,2020
2630,nissan,doors,2018
5690,nissan,mpv,2017
19500,audi,q5,2017
450,chevrolet,coupe,2008
20400,cadillac,door,2015
4320,chevrolet,door,2011
33001,ford,f-150,2017
10000,ford,door,2017
0,ford,door,2004
5790,gmc,door,2012
14750,infiniti,mpv,2019
4010,hyundai,doors,2019
40000,mercedes-benz,gle,2019
13000,kia,sportage,2017
3550,nissan,doors,2018
3040,nissan,doors,2017
0,chevrolet,coupe,2008
36400,audi,5,2015
4480,ford,door,2011
31003,ford,door,2017
75,ford,pickup,2001
8850,gmc,door,2011
14750,infiniti,mpv,2019
4690,hyundai,mpv,2019
23000,land,sport,2018
46900,land,discovery,2018
10740,mercedes-benz,doors,2018
3160,nissan,doors,2017
0,chevrolet,door,2006
3450,chrysler,door,2011
27102,ford,f-150,2017
500,gmc,door,2018
5100,gmc,door,2011
15010,infiniti,mpv,2019
5800,jeep,mpv,2019
23200,land,sport,2018
8000,hyundai,door,2015
3390,nissan,doors,2018
3140,nissan,doors,2017
25,chevrolet,door,2007
15000,bmw,door,2014
10440,chevrolet,cab,2011
23911,ford,f-150,2017
25,ford,pk,2010
21400,gmc,acadia,2018
5380,gmc,cab,2011
11000,jeep,mpv,2019
4950,jeep,mpv,2019
22500,land,sport,2018
30300,maserati,ghibli,2017
2630,nissan,doors,2018
3140,nissan,doors,2017
2300,chevrolet,door,2011
4310,chevrolet,door,2011
26012,ford,door,2017
75,ford,door,2014
48500,gmc,1500,2019
3330,gmc,mpv,2009
11200,jeep,mpv,2019
4730,hyundai,mpv,2019
24900,mercedes-benz,glc,2018
29400,mercedes-benz,e-class,2017
8350,nissan,cab,2018
475,peterbilt,truck,2012
3210,nissan,doors,2017
25,chevrolet,van,2006
4200,chevrolet,cutaway,2006
8430,chevrolet,utility,2011
25503,ford,f-150,2017
0,ford,pickup,1996
26000,gmc,limited,2019
3900,honda,doors,2017
11200,jeep,mpv,2019
8610,jeep,mpv,2019
28000,mercedes-benz,gle,2018
84900,mercedes-benz,sl-class,2017
10840,lexus,mpv,2017
100,peterbilt,truck,2012
11050,ram,door,2017
0,chevrolet,door,2012
1000,chevrolet,door,2005
3570,dodge,door,2015
25001,ford,door,2017
0,ford,door,2010
5630,gmc,mpv,2017
11100,jeep,mpv,2019
4650,hyundai,mpv,2019
0,lincoln,door,2005
3820,nissan,mpv,2016
0,peterbilt,truck,2009
2900,nissan,doors,2017
50,chevrolet,door,2008
5100,chevrolet,pickup,2004
4700,dodge,door,2015
29502,ford,f-150,2017
0,ford,door,2008
6160,honda,door,2017
10910,jeep,mpv,2019
3440,hyundai,doors,2019
16000,mazda,cx-3,2016
3810,kia,door,2016
1025,peterbilt,truck,2010
3020,nissan,doors,2017
0,chevrolet,door,2003
2000,chevrolet,pickup,2003
3870,ford,door,2010
24811,ford,door,2017
75,ford,door,2007
5420,honda,doors,2017
11100,jeep,mpv,2019
4750,hyundai,mpv,2019
17900,mercedes-benz,door,2015
3800,nissan,door,2015
3160,nissan,doors,2017
25,chevrolet,pickup,2010
1200,chevrolet,door,2001
6470,chevrolet,coupe,2010
26400,ford,door,2017
0,gmc,door,1993
32500,gmc,2500hd,2018
6900,honda,mpv,2017
11030,jeep,mpv,2019
3460,hyundai,door,2012
18000,mercedes-benz,door,2015
3250,hyundai,door,2015
3210,nissan,doors,2017
13200,chevrolet,door,2017
27705,ford,f-150,2019
7200,chevrolet,door,2017
28714,ford,f-150,2019
11200,chevrolet,door,2017
27502,ford,f-150,2019
11900,chevrolet,door,2017
29314,ford,f-150,2019
11200,chevrolet,door,2017
27002,ford,f-150,2019
13200,chevrolet,door,2017
28214,ford,f-150,2019
12700,chevrolet,door,2017
29900,ford,f-150,2019
12700,chevrolet,door,2017
27202,ford,f-150,2019
13500,chevrolet,impala,2018
27705,ford,f-150,2019
14700,chevrolet,van,2016
29900,ford,f-150,2019
4500,chevrolet,door,2015
27705,ford,f-150,2019
8000,chevrolet,door,2015
25511,ford,f-150,2019
7700,chevrolet,colorado,2015
29900,ford,f-150,2019
7200,chevrolet,van,2015
27502,ford,f-150,2019
4500,chevrolet,door,2013
27402,ford,f-150,2019
1500,chevrolet,sonic,2013
26602,ford,f-150,2019
10200,chevrolet,sonic,2019
29900,ford,f-150,2019
14000,chevrolet,colorado,2019
28500,ford,f-150,2019
8000,chevrolet,door,2016
29809,ford,f-150,2019
36900,chevrolet,corvette,2015
26902,ford,f-150,2019
10950,chevrolet,door,2015
27402,ford,f-150,2019
16900,acura,mdx,2014
25600,ford,f-150,2019
29700,bmw,series,2016
27702,ford,f-150,2019
13500,buick,encore,2016
27102,ford,f-150,2019
27102,ford,f-150,2019
25811,ford,f-150,2019
26602,ford,f-150,2019
27102,ford,f-150,2019
37500,buick,enclave,2019
26211,ford,flex,2019
24205,ford,flex,2019
37500,cadillac,xt5,2019
27111,ford,flex,2019
27411,ford,flex,2019
27302,ford,flex,2019
27202,ford,f-150,2019
26311,ford,flex,2019
26602,ford,f-150,2019
33500,bmw,series,2017
27511,ford,flex,2019
21500,buick,door,2017
27200,ford,f-150,2019
26511,ford,flex,2019
24002,ford,flex,2019
21500,buick,door,2017
18511,ford,fusion,2019
14000,kia,sorento,2017
29000,buick,door,2017
23402,ford,flex,2019
13300,kia,door,2017
19700,bmw,x3,2017
23211,ford,flex,2019
15500,kia,sorento,2017
18111,ford,fusion,2019
21500,kia,sorento,2017
25511,ford,mustang,2019
17700,chevrolet,equinox,2017
28000,chevrolet,cutaway,2017
14000,chevrolet,door,2017
21700,chevrolet,door,2017
13500,chevrolet,door,2017
35500,chevrolet,1500,2017
29500,chevrolet,1500,2017
25300,chevrolet,1500,2017
21500,chevrolet,1500,2016
25900,chevrolet,door,2016
35300,chevrolet,door,2016
13500,chevrolet,door,2016
62000,chevrolet,corvette,2016
46000,chevrolet,corvette,2016
9000,chevrolet,malibu,2016
25900,chevrolet,door,2016
25800,chevrolet,door,2016
17000,chevrolet,door,2016
12800,chevrolet,door,2016
47400,chevrolet,3500,2016
24400,chevrolet,door,2016
17100,chevrolet,trax,2016
7400,chevrolet,door,2015
33100,chevrolet,door,2015
22000,chevrolet,trax,2020
35000,chevrolet,1500,2019
16500,chevrolet,equinox,2019
35300,chevrolet,1500,2019
26900,chevrolet,traverse,2018
11600,chevrolet,trax,2017
28100,chevrolet,1500,2017
27700,chevrolet,1500,2017
17700,chevrolet,passenger,2017
16600,chevrolet,volt,2017
63200,chevrolet,corvette,2016
36800,chevrolet,door,2015
19500,chevrolet,passenger,2018
38800,chevrolet,tahoe,2019
37500,chevrolet,tahoe,2019
35000,chevrolet,suburban,2019
31100,chevrolet,camaro,2019
22600,chevrolet,van,2019
22400,chevrolet,van,2019
22700,chevrolet,van,2019
13700,chevrolet,malibu,2019
37100,chevrolet,suburban,2019
18500,chevrolet,colorado,2018
18300,chevrolet,2500,2017
19000,chevrolet,2500,2017
18500,chevrolet,1500,2017
22500,chevrolet,door,2016
14500,chevrolet,door,2014
32800,chevrolet,tahoe,2018
12300,chevrolet,malibu,2018
19600,chevrolet,1500,2018
13600,chevrolet,malibu,2018
7200,chevrolet,spark,2018
19900,chevrolet,1500,2018
13000,chevrolet,malibu,2018
19700,chevrolet,door,2016
9400,chevrolet,door,2017
23800,chevrolet,1500,2017
17700,chevrolet,equinox,2019
17000,chevrolet,door,2015
14000,chevrolet,door,2014
32100,chevrolet,2500,2018
33100,chevrolet,2500,2019
31600,chevrolet,2500,2018
5100,chevrolet,door,2013
4100,chevrolet,door,2013
7200,chevrolet,door,2014
12800,chevrolet,1500,2014
46800,chevrolet,1500,2019
21800,chevrolet,van,2019
3000,chevrolet,door,2013
22500,chevrolet,colorado,2017
35300,chevrolet,suburban,2018
16500,chevrolet,volt,2017
33000,chevrolet,door,2017
31500,chevrolet,1500,2017
34500,chevrolet,1500,2017
8000,chevrolet,trax,2016
25000,chevrolet,1500,2017
10700,chevrolet,trax,2016
13400,chevrolet,door,2016
16500,chevrolet,equinox,2019
34000,chevrolet,traverse,2019
14100,chevrolet,trax,2018
38600,chevrolet,1500,2019
9100,chevrolet,door,2016
8600,chevrolet,door,2016
22000,chevrolet,door,2016
8900,chevrolet,colorado,2015
15500,chevrolet,door,2015
3300,chevrolet,door,2015
29000,chevrolet,1500,2015
17300,chevrolet,equinox,2020
30500,chevrolet,traverse,2020
25000,chevrolet,impala,2020
2800,chevrolet,cruze,2012
3300,chevrolet,door,2012
36400,chevrolet,suburban,2019
34800,chevrolet,suburban,2019
20700,chevrolet,ld,2019
32200,chevrolet,suburban,2019
35300,chevrolet,tahoe,2019
33500,chevrolet,suburban,2019
13700,chevrolet,impala,2019
15900,chevrolet,malibu,2019
33200,chevrolet,suburban,2019
35500,chevrolet,suburban,2019
29800,chevrolet,suburban,2018
29800,chevrolet,suburban,2018
29500,chevrolet,suburban,2018
30300,chevrolet,suburban,2018
24300,chevrolet,1500,2018
29800,chevrolet,suburban,2017
29800,chevrolet,suburban,2017
27500,chevrolet,camaro,2016
10800,chevrolet,door,2017
11500,chevrolet,van,2017
10400,chevrolet,van,2017
11400,chevrolet,equinox,2018
11400,chevrolet,equinox,2018
8000,chevrolet,door,2015
3000,chevrolet,door,2012
25000,chevrolet,door,2015
12300,chevrolet,traverse,2017
14100,chevrolet,traverse,2017
9000,chevrolet,van,2014
4200,chevrolet,door,2014
22500,chevrolet,van,2019
22600,chevrolet,van,2019
22600,chevrolet,van,2019
22500,chevrolet,van,2019
10200,chevrolet,malibu,2018
42700,chevrolet,3500,2016
21200,chevrolet,tahoe,2015
22700,chevrolet,door,2016
22000,chevrolet,tahoe,2015
9600,chevrolet,1500,2014
10500,chevrolet,door,2013
6700,chevrolet,door,2013
14200,chevrolet,door,2013
15500,chevrolet,equinox,2019
35100,chevrolet,1500,2018
26300,chevrolet,camaro,2018
15700,chevrolet,colorado,2016
17600,chevrolet,1500,2016
18600,chevrolet,1500,2016
19100,chevrolet,1500,2016
15200,chevrolet,equinox,2019
16100,chevrolet,equinox,2019
14800,chevrolet,equinox,2019
16700,chevrolet,equinox,2019
15300,chevrolet,equinox,2019
16500,chevrolet,equinox,2019
19600,chevrolet,passenger,2019
15200,chevrolet,impala,2019
15000,chevrolet,impala,2019
15500,chevrolet,impala,2019
15700,chevrolet,impala,2019
14800,chevrolet,impala,2019
9200,chevrolet,cruze,2017
8200,chevrolet,impala,2017
11400,chevrolet,door,2013
6500,chevrolet,door,2015
11500,chevrolet,door,2014
23800,chevrolet,door,2015
8900,chevrolet,door,2014
28300,chevrolet,ld,2019
27300,chevrolet,ld,2019
3500,chevrolet,door,2013
28300,chevrolet,colorado,2020
18300,chevrolet,impala,2019
22500,dodge,charger,2018
22500,dodge,charger,2018
8300,dodge,door,2012
16500,dodge,caravan,2019
14500,dodge,journey,2019
30000,dodge,charger,2019
30000,dodge,charger,2019
30000,dodge,charger,2019
30000,dodge,charger,2019
30000,dodge,charger,2019
29500,dodge,charger,2019
21600,dodge,challenger,2019
22600,dodge,charger,2019
16300,dodge,caravan,2019
8600,dodge,door,2012
28800,dodge,durango,2019
22100,dodge,challenger,2019
14300,dodge,journey,2018
13700,dodge,caravan,2018
29500,dodge,challenger,2017
18500,dodge,journey,2017
19000,dodge,door,2016
43400,dodge,challenger,2015
46000,dodge,challenger,2015
12500,dodge,journey,2018
13900,dodge,charger,2017
13000,dodge,caravan,2018
13000,dodge,caravan,2018
3000,dodge,door,2013
17500,dodge,caravan,2019
7900,dodge,door,2017
8900,dodge,door,2014
11500,dodge,caravan,2018
6500,dodge,journey,2017
8000,dodge,door,2017
18700,dodge,challenger,2018
8350,dodge,journey,2017
27900,dodge,charger,2017
14500,dodge,door,2016
6200,dodge,door,2016
7500,dodge,door,2012
20200,dodge,caravan,2019
29300,dodge,durango,2019
31000,dodge,durango,2019
32400,dodge,durango,2019
5800,dodge,door,2012
21500,dodge,charger,2019
23100,dodge,charger,2018
4500,dodge,van,2014
24800,dodge,charger,2018
23000,dodge,charger,2018
26900,dodge,journey,2019
21500,dodge,challenger,2018
15700,dodge,journey,2018
15200,dodge,caravan,2018
23300,dodge,charger,2018
6100,dodge,door,2015
20000,dodge,journey,2017
53000,dodge,challenger,2017
3000,dodge,door,2013
18200,dodge,door,2016
21800,dodge,challenger,2019
52000,dodge,charger,2016
19000,dodge,charger,2019
25000,dodge,challenger,2016
36000,dodge,challenger,2016
17000,dodge,caravan,2019
25300,dodge,door,2015
14900,dodge,journey,2017
15000,dodge,caravan,2017
12995,dodge,doors,2014
17750,dodge,doors,2014
10295,dodge,doors,2014
16995,dodge,doors,2014
25000,dodge,doors,2014
23995,dodge,doors,2014
14900,dodge,doors,2014
15810,dodge,doors,2014
20227,dodge,doors,2014
20999,dodge,doors,2014
22499,dodge,doors,2014
23495,dodge,doors,2014
25250,dodge,doors,2014
15322,dodge,doors,2014
21232,dodge,charger,2019
5800,dodge,journey,2013
29000,dodge,door,2012
17000,dodge,caravan,2018
13800,dodge,journey,2018
30000,dodge,durango,2019
14800,dodge,caravan,2017
8500,dodge,journey,2017
9800,dodge,door,2013
4200,dodge,door,2014
2500,dodge,van,2013
28700,dodge,charger,2018
18500,dodge,challenger,2018
17300,dodge,challenger,2018
7100,dodge,door,2016
3250,dodge,door,2015
30700,dodge,durango,2017
3000,dodge,door,2012
26500,dodge,durango,2019
20800,dodge,charger,2019
20800,dodge,charger,2019
5100,dodge,door,2015
18900,dodge,challenger,2019
24000,dodge,durango,2019
38800,dodge,challenger,2015
24500,dodge,durango,2019
24500,dodge,durango,2019
6500,dodge,door,2016
24000,dodge,durango,2019
18000,dodge,door,2014
24000,dodge,durango,2019
23500,dodge,durango,2019
4500,dodge,van,2014
25900,dodge,durango,2019
13900,dodge,caravan,2019
14200,dodge,journey,2019
15400,dodge,caravan,2019
17500,dodge,challenger,2019
17500,dodge,caravan,2019
18000,dodge,caravan,2019
25200,dodge,door,2012
14100,dodge,caravan,2018
13300,dodge,caravan,2018
16200,dodge,caravan,2019
13300,dodge,caravan,2018
13100,dodge,caravan,2018
15500,dodge,caravan,2017
4500,dodge,door,2013
28400,dodge,durango,2019
17400,dodge,caravan,2019
6000,dodge,door,2014
20700,dodge,challenger,2019
20300,dodge,challenger,2019
14000,dodge,journey,2018
22000,dodge,challenger,2019
17200,dodge,journey,2019
15000,dodge,door,2016
17500,dodge,journey,2019
1300,dodge,door,2013
1750,dodge,door,2014
16300,dodge,caravan,2019
15700,dodge,caravan,2019
10000,dodge,journey,2017
23100,dodge,charger,2019
14900,dodge,caravan,2019
16700,dodge,journey,2019
16300,dodge,caravan,2019
25800,dodge,durango,2019
23800,dodge,challenger,2019
16800,dodge,journey,2019
15500,dodge,journey,2019
6000,dodge,door,2014
26900,dodge,durango,2019
16900,dodge,caravan,2019
19500,dodge,caravan,2019
15400,dodge,caravan,2019
2300,dodge,door,2012
17000,dodge,charger,2019
34000,dodge,durango,2019
13700,dodge,journey,2017
19100,dodge,challenger,2018
11800,dodge,journey,2018
27500,dodge,durango,2019
26900,dodge,durango,2019
27100,dodge,durango,2019
27200,dodge,durango,2019
9000,dodge,caravan,2017
22500,dodge,challenger,2019
7700,dodge,door,2015
4500,dodge,van,2013
2200,dodge,door,2013
21500,dodge,charger,2019
18800,dodge,challenger,2019
21800,dodge,charger,2019
20300,dodge,challenger,2019
8200,dodge,van,2016
19000,dodge,caravan,2019
8400,dodge,door,2016
19500,dodge,caravan,2019
7000,dodge,door,2015
19500,dodge,challenger,2019
8500,dodge,van,2014
20500,dodge,challenger,2019
4900,dodge,door,2014
20800,dodge,door,2014
28500,dodge,durango,2019
21900,dodge,caravan,2019
15800,dodge,caravan,2019
33000,dodge,durango,2019
22700,dodge,challenger,2019
21900,dodge,charger,2019
19300,dodge,charger,2019
30700,dodge,durango,2019
19300,dodge,challenger,2019
13750,dodge,caravan,2014
16400,dodge,caravan,2019
19500,dodge,caravan,2019
15100,dodge,caravan,2019
28500,dodge,durango,2019
15300,dodge,caravan,2019
20300,dodge,challenger,2019
22000,dodge,charger,2019
16700,dodge,journey,2019
19300,dodge,challenger,2019
34100,dodge,durango,2019
14600,dodge,caravan,2019
18200,dodge,caravan,2019
33800,dodge,durango,2019
15900,dodge,journey,2019
16500,dodge,caravan,2019
29600,dodge,durango,2019
14100,dodge,caravan,2019
18200,dodge,caravan,2019
18200,dodge,caravan,2019
24300,dodge,charger,2019
15400,dodge,journey,2019
19000,dodge,journey,2019
19000,dodge,journey,2019
27800,dodge,challenger,2017
18200,dodge,journey,2019
15000,dodge,journey,2018
19200,dodge,caravan,2017
15500,dodge,caravan,2018
24900,dodge,challenger,2017
15500,dodge,journey,2018
7600,dodge,door,2012
18400,dodge,journey,2017
14700,dodge,caravan,2018
3900,dodge,door,2015
5200,dodge,door,2015
17200,dodge,caravan,2019
18700,dodge,caravan,2019
32000,dodge,durango,2019
14500,dodge,door,2015
19400,dodge,caravan,2019
17300,dodge,caravan,2019
16700,dodge,journey,2019
19100,dodge,caravan,2019
11100,dodge,door,2013
32000,dodge,durango,2019
16900,dodge,caravan,2019
18000,dodge,charger,2017
17800,dodge,caravan,2019
18000,dodge,caravan,2019
17500,dodge,caravan,2019
14500,dodge,caravan,2018
18500,dodge,caravan,2019
18600,dodge,caravan,2019
32000,dodge,durango,2019
17000,dodge,caravan,2019
16000,dodge,caravan,2019
18000,dodge,caravan,2019
15900,dodge,charger,2020
6200,dodge,door,2016
3700,dodge,door,2013
24000,dodge,door,2012
20800,dodge,van,2013
18500,dodge,door,2012
18300,dodge,challenger,2019
21000,dodge,charger,2019
1300,dodge,van,2013
11900,dodge,charger,2019
950,dodge,van,2012
26800,dodge,durango,2019
800,dodge,van,2012
21000,dodge,caravan,2019
1900,dodge,door,2012
33500,dodge,durango,2019
900,dodge,door,2013
21000,dodge,caravan,2019
26800,dodge,durango,2019
5700,dodge,van,2016
18500,dodge,challenger,2019
33000,dodge,durango,2019
11000,dodge,caravan,2019
15800,dodge,caravan,2019
3600,dodge,door,2013
16300,dodge,caravan,2019
2700,dodge,door,2015
12800,dodge,caravan,2019
9700,dodge,door,2015
18300,dodge,journey,2019
16000,dodge,charger,2019
21000,dodge,caravan,2019
3700,dodge,door,2014
33000,dodge,durango,2019
14700,dodge,caravan,2019
33000,dodge,durango,2019
15900,dodge,caravan,2019
33000,dodge,durango,2019
33000,dodge,durango,2019
32500,dodge,durango,2019
33000,dodge,durango,2019
13000,dodge,caravan,2018
33000,dodge,durango,2019
16500,dodge,charger,2019
33000,dodge,durango,2019
34500,dodge,challenger,2017
33500,dodge,durango,2019
48000,dodge,durango,2018
54500,dodge,durango,2019
13200,dodge,caravan,2018
31500,dodge,durango,2018
17400,dodge,durango,2017
26000,dodge,durango,2017
1700,dodge,door,2013
11000,dodge,door,2013
21000,dodge,charger,2018
5500,dodge,door,2015
7500,dodge,door,2014
15800,dodge,caravan,2019
16900,dodge,journey,2019
25000,dodge,durango,2019
18000,dodge,door,2019
15600,dodge,caravan,2019
23800,dodge,durango,2019
16800,dodge,journey,2019
22700,dodge,durango,2019
23300,dodge,challenger,2019
23500,dodge,challenger,2019
25500,dodge,durango,2019
21800,dodge,challenger,2019
22800,dodge,durango,2019
18200,dodge,caravan,2019
23500,dodge,challenger,2019
25700,dodge,durango,2019
15700,dodge,caravan,2019
17500,dodge,journey,2018
15700,dodge,caravan,2019
16500,dodge,caravan,2018
16100,dodge,caravan,2019
15600,dodge,caravan,2019
15400,dodge,caravan,2019
28200,dodge,durango,2017
15300,dodge,caravan,2019
15900,dodge,caravan,2019
17700,dodge,door,2016
15800,dodge,caravan,2019
15900,dodge,caravan,2019
25300,dodge,charger,2019
16300,dodge,caravan,2019
29500,dodge,durango,2019
14500,dodge,caravan,2019
15400,dodge,caravan,2019
15400,dodge,caravan,2019
15100,dodge,caravan,2019
15000,dodge,caravan,2019
15500,dodge,caravan,2019
15000,dodge,caravan,2019
15200,dodge,caravan,2019
15700,dodge,caravan,2019
16100,dodge,journey,2019
16300,dodge,journey,2018
16000,dodge,journey,2019
16900,dodge,journey,2019
17000,dodge,journey,2019
17300,dodge,journey,2019
15900,dodge,journey,2019
15700,dodge,journey,2019
16900,dodge,journey,2019
15500,dodge,journey,2019
15100,dodge,journey,2019
15500,dodge,journey,2019
15400,dodge,journey,2019
16500,dodge,journey,2019
42500,dodge,challenger,2015
16600,dodge,journey,2019
15200,dodge,journey,2019
15800,dodge,journey,2019
16900,dodge,journey,2019
11100,dodge,caravan,2017
15600,dodge,journey,2019
16900,dodge,journey,2019
15300,dodge,journey,2019
16600,dodge,journey,2019
21800,dodge,durango,2017
36500,dodge,charger,2018
26300,dodge,durango,2019
20900,dodge,challenger,2019
20100,dodge,challenger,2019
26700,dodge,charger,2019
23900,dodge,charger,2019
14500,dodge,caravan,2018
23000,dodge,durango,2017
15000,dodge,journey,2018
15000,dodge,journey,2018
28500,ford,door,2017
28000,ford,door,2017
9000,ford,door,2017
28700,ford,doors,2015
25000,ford,door,2017
17347,ford,doors,2015
13800,ford,door,2016
25888,ford,doors,2015
8500,ford,fusion,2017
21289,ford,doors,2015
17999,ford,doors,2015
2700,ford,door,2012
30977,ford,doors,2015
13799,ford,doors,2015
20500,ford,srw,2014
8500,ford,drw,2012
9900,ford,door,2015
65500,ford,srw,2019
24500,ford,wagon,2018
32500,ford,explorer,2020
9200,ford,fusion,2018
17700,ford,door,2017
18300,ford,fusion,2020
43500,ford,srw,2019
15200,ford,door,2016
36200,ford,srw,2019
21900,ford,mustang,2018
20700,ford,wagon,2019
12300,ford,fusion,2019
4200,ford,door,2016
19500,ford,transit,2019
14300,ford,fusion,2020
13700,ford,van,2016
13200,ford,door,2015
6200,ford,door,2014
6500,ford,door,2015
1500,ford,door,2013
2200,ford,door,2013
4200,ford,door,2013
8700,ford,van,2013
3200,ford,door,2012
9000,ford,door,2012
20000,ford,edge,2018
33000,ford,door,2017
23300,ford,f-150,2019
8750,ford,van,2017
11975,ford,door,2012
23600,ford,transit,2019
12000,ford,explorer,2016
30900,ford,f-150,2018
23900,ford,transit,2019
40400,ford,f-150,2018
38000,ford,srw,2019
27000,ford,flex,2019
24000,ford,transit,2019
30000,ford,ranger,2019
16200,ford,fusion,2019
30000,ford,flex,2019
23900,ford,transit,2019
13800,ford,taurus,2018
23700,ford,transit,2019
24300,ford,f-150,2018
54900,ford,srw,2019
22500,ford,taurus,2018
39000,ford,f-150,2018
13900,ford,escape,2018
24700,ford,explorer,2018
20100,ford,transit,2018
22000,ford,mustang,2018
38200,ford,mustang,2019
24400,ford,transit,2018
35000,ford,mustang,2018
18600,ford,flex,2019
22700,ford,transit,2018
38000,ford,f-150,2018
17000,ford,door,2014
17500,ford,escape,2017
23200,ford,f-150,2019
30700,ford,explorer,2017
23500,ford,transit,2019
26400,ford,edge,2017
23500,ford,transit,2019
38000,ford,door,2017
23600,ford,transit,2019
19300,ford,edge,2017
23200,ford,f-150,2019
13800,ford,door,2017
23600,ford,transit,2019
23200,ford,f-150,2019
40000,ford,door,2017
23400,ford,f-150,2019
23600,ford,transit,2019
23000,ford,f-150,2019
25500,ford,door,2017
23500,ford,transit,2019
29900,ford,door,2017
23200,ford,transit,2019
50500,ford,f-150,2017
23400,ford,transit,2019
24500,ford,transit,2017
49000,ford,mustang,2017
25400,ford,transit,2017
23000,ford,flex,2017
6000,ford,door,2012
22400,ford,edge,2016
22500,ford,edge,2016
25200,ford,edge,2019
36000,ford,door,2016
26700,ford,edge,2019
30500,ford,door,2016
26700,ford,edge,2019
25000,ford,edge,2019
35200,ford,door,2016
30300,ford,f-150,2019
25000,ford,door,2016
26500,ford,door,2016
21600,ford,mustang,2019
18800,ford,edge,2016
21500,ford,mustang,2019
9000,ford,door,2016
16700,ford,cutaway,2015
16800,ford,cutaway,2015
15700,ford,cutaway,2015
16800,ford,cutaway,2015
19500,ford,door,2015
20500,ford,door,2015
17400,ford,cutaway,2015
17500,ford,door,2014
26000,ford,door,2014
56700,ford,f-150,2019
5000,ford,door,2013
40200,ford,f-150,2019
54000,ford,door,2013
65200,ford,max,2019
32500,ford,srw,2017
25500,ford,transit,2019
63000,ford,srw,2019
44000,ford,srw,2019
70000,ford,drw,2019
56200,ford,srw,2019
35000,ford,srw,2019
57700,ford,srw,2019
74000,ford,drw,2019
60200,ford,srw,2019
60000,ford,srw,2018
63000,ford,srw,2018
22500,ford,door,2014
8300,ford,energi,2014
8300,ford,door,2012
21000,ford,door,2013
19300,ford,fusion,2019
16400,ford,fusion,2019
27300,ford,f-150,2019
26400,ford,cab,2012
35100,ford,mustang,2019
41500,ford,f-150,2018
34100,ford,mustang,2019
28600,ford,f-150,2019
34100,ford,mustang,2019
28700,ford,ranger,2019
24700,ford,edge,2019
46500,ford,expedition,2019
29000,ford,f-150,2019
25500,ford,edge,2019
39500,ford,f-150,2019
33100,ford,f-150,2019
30500,ford,f-150,2019
3600,ford,fiesta,2018
16800,ford,fusion,2019
24000,ford,f-150,2019
58500,ford,expedition,2019
55000,ford,door,2017
28800,ford,f-150,2019
26800,ford,door,2015
36000,ford,max,2018
20000,ford,wagon,2018
46700,ford,drw,2019
42800,ford,srw,2019
21800,ford,mustang,2018
18800,ford,mustang,2018
18800,ford,flex,2018
30200,ford,f-150,2018
27500,ford,explorer,2018
37500,ford,transit,2018
19100,ford,mustang,2018
17100,ford,flex,2018
13500,ford,escape,2018
54500,ford,srw,2018
9000,ford,fiesta,2018
16400,ford,f-150,2020
17000,ford,fusion,2020
24800,ford,door,2017
26800,ford,door,2017
19400,ford,door,2017
20000,ford,flex,2017
7000,ford,door,2012
25100,ford,explorer,2017
2000,ford,door,2013
18200,ford,fusion,2020
14200,ford,fusion,2018
56500,ford,door,2017
2000,ford,door,2016
26500,ford,van,2020
34300,ford,srw,2019
43500,ford,f-150,2017
3500,ford,door,2016
37200,ford,srw,2019
12800,ford,door,2017
15000,ford,door,2013
12500,ford,door,2017
21500,ford,f-150,2017
17300,ford,fusion,2019
27000,ford,explorer,2017
31800,ford,el,2017
13000,ford,door,2017
31800,ford,el,2017
46300,ford,door,2016
6000,ford,door,2015
22800,ford,door,2016
45000,ford,expedition,2019
49500,ford,expedition,2019
3000,ford,van,2012
20000,ford,door,2015
25300,ford,edge,2019
4000,ford,door,2015
45500,ford,expedition,2019
9100,ford,fiesta,2018
48000,ford,expedition,2019
47000,ford,max,2019
49500,ford,expedition,2019
31200,ford,wagon,2019
18500,ford,door,2014
15500,ford,escape,2019
30500,ford,wagon,2019
45500,ford,max,2019
31500,ford,wagon,2019
11000,ford,door,2013
46500,ford,max,2019
31500,ford,wagon,2019
32000,ford,f-150,2018
23900,ford,edge,2019
31500,ford,wagon,2019
18500,ford,taurus,2016
1500,ford,door,2013
46000,ford,max,2019
31500,ford,wagon,2019
14700,ford,van,2015
2700,ford,door,2013
47500,ford,expedition,2019
31500,ford,wagon,2019
8900,ford,door,2014
7000,ford,door,2019
49000,ford,expedition,2019
31500,ford,wagon,2019
8900,ford,door,2014
48000,ford,max,2019
50000,ford,max,2019
47300,ford,max,2019
45000,ford,f-150,2017
49000,ford,max,2019
40200,ford,f-150,2019
48000,ford,max,2019
5000,ford,door,2015
8200,ford,bus,2013
49000,ford,max,2019
4000,ford,door,2015
39000,ford,expedition,2019
29000,ford,door,2015
46500,ford,max,2019
7805,ford,door,2015
22000,ford,mustang,2018
18800,ford,max,2019
33000,ford,door,2015
39500,ford,expedition,2019
16900,ford,door,2015
42500,ford,max,2019
39500,ford,expedition,2019
25500,ford,f-150,2018
49500,ford,max,2019
25000,ford,f-150,2018
40000,ford,f-150,2019
26000,ford,f-150,2018
29500,ford,f-150,2019
23000,ford,f-150,2019
25500,ford,f-150,2018
44500,ford,f-150,2019
15600,ford,escape,2019
23100,ford,f-150,2019
37000,ford,f-150,2019
14500,ford,fusion,2019
23000,ford,f-150,2019
26500,ford,f-150,2019
18000,ford,fusion,2017
35700,ford,expedition,2019
31000,ford,f-150,2019
2000,ford,door,2013
40400,ford,max,2019
43600,ford,f-150,2019
22600,ford,f-150,2019
26000,ford,f-150,2019
23200,ford,f-150,2019
29000,ford,f-150,2019
22800,ford,f-150,2019
3450,ford,door,2015
31000,ford,f-150,2019
22900,ford,f-150,2019
3000,ford,door,2014
28000,ford,f-150,2019
23200,ford,f-150,2019
27000,ford,f-150,2019
22800,ford,f-150,2019
31500,ford,f-150,2019
23400,ford,transit,2019
28000,ford,f-150,2019
23400,ford,transit,2019
28000,ford,f-150,2018
24900,ford,f-150,2019
23500,ford,transit,2019
36000,ford,f-150,2018
28700,ford,f-150,2019
16000,ford,fusion,2018
31000,ford,f-150,2019
16500,ford,f-150,2017
28500,ford,f-150,2019
10800,ford,escape,2017
28500,ford,f-150,2019
25000,ford,explorer,2017
31000,ford,f-150,2019
7800,ford,door,2016
28500,ford,f-150,2019
9500,ford,door,2016
28500,ford,f-150,2019
14500,ford,door,2016
25000,ford,f-150,2019
14500,ford,door,2016
28500,ford,f-150,2019
12100,ford,door,2016
29400,ford,f-150,2019
24700,ford,f-150,2019
8700,ford,door,2016
29500,ford,f-150,2019
25800,ford,f-150,2019
17500,ford,door,2016
23900,ford,f-150,2019
22900,ford,f-150,2019
19500,ford,edge,2016
29500,ford,f-150,2019
24500,ford,f-150,2019
11000,ford,door,2016
22400,ford,f-150,2019
15700,ford,escape,2019
11000,ford,door,2015
28000,ford,f-150,2019
13500,ford,fusion,2019
7300,ford,f-150,2013
25100,ford,f-150,2019
24100,ford,transit,2019
6500,ford,f-150,2014
10500,ford,f-150,2019
16900,ford,fusion,2019
6000,ford,door,2013
28500,ford,f-150,2019
16200,ford,fusion,2019
6500,ford,f-150,2013
24500,ford,flex,2019
16500,ford,fusion,2019
56500,ford,door,2017
10400,ford,fusion,2019
22800,ford,explorer,2018
26500,ford,flex,2019
23800,ford,flex,2019
24700,ford,f-150,2018
12400,ford,fusion,2019
16600,ford,fusion,2019
11200,ford,door,2015
15900,ford,fusion,2019
7700,ford,door,2015
15100,ford,fusion,2019
7200,ford,door,2013
15600,ford,fusion,2019
39700,ford,srw,2019
16000,ford,fusion,2019
7500,ford,door,2012
15500,ford,srw,2017
19000,ford,taurus,2019
5500,ford,door,2015
38700,ford,drw,2018
21000,ford,taurus,2019
28500,ford,door,2016
37200,ford,drw,2018
18500,ford,taurus,2019
15000,ford,door,2015
37700,ford,drw,2017
22200,ford,transit,2019
39950,ford,f-150,2019
37600,ford,drw,2017
18500,ford,taurus,2019
10000,ford,door,2013
20500,ford,taurus,2019
5700,ford,door,2013
21000,ford,transit,2019
22500,ford,transit,2019
29000,ford,f-150,2019
13200,ford,door,2013
25500,ford,transit,2019
25700,ford,door,2016
18900,ford,doors,2015
31500,ford,wagon,2019
45500,ford,door,2017
11000,ford,door,2017
18288,ford,doors,2015
20000,ford,door,2017
36600,ford,door,2016
18299,ford,doors,2015
10000,ford,escape,2017
4100,ford,door,2012
30995,ford,door,2015
1750,ford,door,2012
31500,ford,wagon,2019
13500,ford,door,2016
7500,ford,door,2014
650,ford,door,2017
22800,ford,wagon,2019
11300,ford,door,2016
32700,ford,door,2014
1350,ford,door,2012
21900,ford,wagon,2019
11700,ford,door,2014
6500,ford,door,2014
9800,ford,door,2014
11000,ford,door,2014
1150,ford,door,2014
13000,ford,cutaway,2013
5500,ford,door,2013
6000,ford,door,2014
11200,ford,door,2013
5000,ford,door,2016
23400,ford,f-150,2019
13500,ford,door,2019
22900,ford,f-150,2019
20000,ford,fusion,2020
22900,ford,f-150,2019
27000,ford,mustang,2020
54500,ford,expedition,2019
20600,ford,fusion,2020
23500,ford,f-150,2019
53000,ford,expedition,2019
23600,ford,transit,2019
33500,ford,wagon,2019
24400,ford,edge,2019
13000,ford,focus,2016
48400,ford,max,2019
26500,ford,door,2014
46200,ford,max,2019
9300,ford,door,2013
13500,ford,door,2012
27600,ford,edge,2019
7400,ford,door,2013
26500,ford,edge,2019
26000,ford,door,2013
24500,ford,edge,2019
2100,ford,door,2012
16700,ford,ecosport,2019
17500,ford,edge,2015
17000,ford,escape,2019
22500,ford,door,2015
34500,ford,f-150,2019
16600,ford,ecosport,2019
7500,ford,door,2014
34500,ford,f-150,2019
25000,ford,edge,2019
36000,ford,f-150,2019
23700,ford,edge,2019
28600,ford,explorer,2019
23500,ford,door,2013
25300,ford,explorer,2019
24900,ford,flex,2019
20300,ford,f-750,2012
23400,ford,fusion,2020
14600,ford,fusion,2019
25500,ford,f-150,2019
14700,ford,fusion,2019
33700,ford,f-150,2019
33400,ford,f-150,2019
34000,ford,f-150,2019
17500,ford,fusion,2019
14100,ford,fusion,2019
30000,ford,f-150,2019
16500,ford,fusion,2019
30600,ford,f-150,2019
12800,ford,ecosport,2019
26000,ford,wagon,2019
46000,ford,max,2019
28500,ford,ranger,2019
24300,ford,edge,2019
29000,ford,explorer,2019
15300,ford,escape,2019
27900,ford,mustang,2019
24700,ford,edge,2019
14400,ford,escape,2019
15000,ford,ecosport,2019
17200,ford,door,2014
12800,ford,ecosport,2019
46900,ford,explorer,2020
2800,ford,door,2013
16200,ford,escape,2019
25200,ford,escape,2020
34800,ford,max,2019
52000,ford,srw,2019
26000,ford,door,2017
40600,ford,expedition,2019
55000,ford,srw,2019
5000,ford,door,2015
36400,ford,max,2019
7500,ford,door,2015
14700,ford,escape,2019
43900,ford,explorer,2020
6400,ford,door,2013
41100,ford,expedition,2019
23000,ford,door,2013
13900,ford,escape,2019
19000,ford,door,2012
34800,ford,max,2019
22000,ford,door,2012
16300,ford,escape,2019
18800,ford,escape,2019
13000,ford,cab,2012
40900,ford,max,2019
47000,ford,expedition,2019
12800,ford,door,2017
25500,ford,explorer,2019
17800,ford,escape,2019
25700,ford,f-150,2019
17200,ford,escape,2019
35000,ford,srw,2019
28800,ford,f-150,2019
39200,ford,max,2019
13600,ford,escape,2019
24200,ford,f-150,2019
46900,ford,max,2019
26500,ford,f-150,2019
24700,ford,explorer,2019
12600,ford,focus,2017
31800,ford,f-150,2019
24500,ford,f-150,2019
26000,ford,f-150,2019
21000,ford,f-150,2017
22500,ford,f-150,2019
7700,ford,door,2017
23100,ford,f-150,2019
9200,ford,door,2017
19600,ford,mustang,2019
11700,ford,door,2016
27300,ford,mustang,2019
14300,ford,edge,2016
23600,ford,transit,2019
6200,ford,door,2016
22400,ford,wagon,2019
5700,ford,door,2016
23600,ford,transit,2019
4600,ford,door,2016
37500,ford,srw,2019
10700,ford,van,2016
31900,ford,srw,2019
31600,ford,mustang,2019
12600,ford,escape,2018
5300,ford,door,2013
3900,ford,fiesta,2018
13000,ford,edge,2015
11800,ford,ecosport,2018
24600,ford,edge,2019
14500,ford,door,2014
24300,ford,explorer,2018
12300,ford,fusion,2018
14800,ford,door,2016
17100,ford,mustang,2018
6800,ford,door,2016
20300,ford,explorer,2018
26300,ford,f-150,2018
22500,ford,door,2016
41200,ford,srw,2019
20400,ford,door,2017
49900,ford,drw,2019
12100,ford,escape,2017
24000,ford,door,2016
9500,ford,escape,2017
9000,ford,door,2017
9800,ford,escape,2017
7800,ford,door,2017
17200,ford,f-150,2017
18800,ford,explorer,2017
9800,ford,door,2014
7000,ford,door,2013
44000,ford,max,2019
23400,ford,transit,2019
30700,ford,transit,2019
15600,ford,escape,2019
22600,ford,f-150,2019
22900,ford,f-150,2019
22800,ford,f-150,2019
22700,ford,f-150,2019
23000,ford,f-150,2019
22700,ford,f-150,2019
23000,ford,f-150,2019
34400,ford,f-150,2019
36500,ford,srw,2016
23100,ford,f-150,2019
23300,ford,f-150,2019
22600,ford,f-150,2019
4500,ford,door,2016
23000,ford,f-150,2019
8000,ford,door,2014
11500,ford,fiesta,2019
9400,ford,door,2017
23000,ford,f-150,2019
2800,ford,door,2012
22600,ford,transit,2019
23000,ford,transit,2019
5200,ford,door,2016
19200,ford,door,2017
10100,ford,door,2017
6200,ford,door,2015
14000,ford,explorer,2016
5000,ford,door,2015
9200,ford,door,2016
14700,ford,door,2016
3000,ford,door,2014
30200,ford,door,2015
3800,ford,door,2013
3200,ford,door,2013
21500,ford,van,2015
4900,ford,door,2016
23000,ford,expedition,2017
11200,ford,door,2014
10400,ford,door,2014
13200,ford,door,2014
5200,ford,door,2013
10500,ford,door,2015
11900,ford,bus,2013
21200,ford,door,2014
23500,ford,door,2013
4700,ford,door,2013
11100,ford,door,2014
22000,ford,door,2015
14000,ford,door,2013
9200,ford,door,2013
23300,ford,edge,2019
21700,ford,door,2012
11200,ford,door,2012
11300,ford,escape,2018
4200,ford,cutaway,2015
10900,ford,focus,2018
42300,ford,max,2019
10500,ford,door,2014
43400,ford,max,2019
12500,ford,door,2016
15900,ford,escape,2019
42500,ford,max,2019
15000,ford,door,2015
24700,ford,edge,2019
15500,ford,door,2015
49000,ford,expedition,2019
29000,ford,door,2017
16800,ford,escape,2019
51000,ford,max,2019
16500,ford,escape,2019
10000,ford,d,2016
27900,ford,explorer,2019
23700,ford,edge,2019
20000,ford,dr,2012
45600,ford,max,2019
6000,ford,cab,2012
15600,ford,escape,2019
25000,ford,explorer,2017
28500,ford,explorer,2019
8000,ford,cutaway,2014
19990,ford,doors,2016
34400,ford,max,2019
30999,ford,doors,2016
41000,ford,expedition,2019
27999,ford,doors,2016
42000,ford,expedition,2019
8000,ford,cutaway,2013
29795,ford,doors,2016
24700,ford,edge,2019
13995,ford,doors,2016
2900,ford,door,2015
35400,ford,max,2019
24549,ford,doors,2016
8900,ford,door,2014
15800,ford,escape,2019
18500,ford,doors,2016
32000,ford,f-150,2019
28300,ford,explorer,2019
10500,ford,d,2019
24970,ford,doors,2016
13800,ford,fusion,2019
2580,ford,door,2012
59975,ford,f-150,2019
2500,ford,door,2012
28990,ford,doors,2016
50000,ford,max,2019
33800,ford,door,2014
59975,ford,f-150,2019
2500,ford,door,2013
46999,ford,doors,2016
16700,ford,fusion,2019
34700,ford,door,2013
28900,ford,f-150,2019
30800,ford,doors,2016
27100,ford,f-150,2019
13388,ford,door,2012
26000,ford,f-150,2019
17900,ford,doors,2016
23400,ford,flex,2019
29800,ford,mustang,2016
23700,ford,flex,2019
1725,ford,door,2012
33995,ford,doors,2016
23500,ford,flex,2019
32500,ford,explorer,2019
2500,ford,door,2016
39000,ford,f-150,2019
11000,ford,focus,2018
32500,ford,explorer,2019
800,ford,door,2012
26900,ford,f-150,2019
11200,ford,edge,2016
21000,ford,doors,2018
32000,ford,f-150,2019
7300,ford,door,2016
12800,ford,escape,2018
24190,ford,doors,2018
29100,ford,f-150,2019
29000,ford,door,2017
17300,ford,door,2016
19888,ford,doors,2018
31000,ford,f-150,2019
37200,ford,door,2017
8600,ford,door,2016
24857,ford,doors,2018
23500,ford,flex,2019
26100,ford,f-150,2018
10800,ford,hybrid,2016
20995,ford,doors,2018
29300,ford,f-150,2019
33100,ford,f-150,2018
13800,ford,door,2016
19498,ford,doors,2018
14900,ford,fusion,2019
8700,ford,door,2016
20600,ford,mustang,2019
5000,ford,door,2018
19995,ford,doors,2018
14900,ford,fusion,2019
19500,ford,door,2016
24500,ford,wagon,2019
15000,ford,fusion,2018
26985,ford,doors,2018
31000,ford,f-150,2019
24300,ford,explorer,2017
16800,ford,fusion,2019
17200,ford,mustang,2018
34995,ford,doors,2018
24300,ford,wagon,2019
26400,ford,explorer,2017
16800,ford,fusion,2019
15500,ford,escape,2018
19440,ford,doors,2018
16700,ford,fusion,2019
29000,ford,door,2017
16100,ford,hybrid,2019
17200,ford,mustang,2018
20950,ford,doors,2018
46200,ford,door,2017
29400,ford,mustang,2019
2825,ford,door,2014
32999,ford,doors,2018
6600,ford,door,2014
50200,ford,door,2017
28300,ford,ranger,2019
12000,ford,door,2017
32999,ford,doors,2018
12600,ford,door,2014
5200,ford,focus,2017
20500,ford,mustang,2019
1200,ford,door,2012
35999,ford,doors,2018
41000,ford,srw,2019
33100,ford,door,2017
23500,ford,ranger,2019
18799,ford,doors,2015
33999,ford,doors,2018
35000,ford,srw,2019
26100,ford,wagon,2017
15400,ford,fusion,2019
25998,ford,doors,2015
31831,ford,doors,2018
40400,ford,srw,2019
15400,ford,door,2013
13500,ford,hybrid,2019
25995,ford,doors,2015
27990,ford,doors,2018
23985,ford,doors,2015
27995,ford,doors,2018
13995,ford,doors,2015
29988,ford,doors,2018
12995,ford,doors,2015
21687,ford,doors,2018
25200,ford,door,2016
29590,ford,doors,2015
28999,ford,doors,2018
13942,ford,doors,2015
15300,ford,taurus,2018
35400,ford,ranger,2020
32700,ford,door,2016
13995,ford,doors,2015
1850,ford,door,2014
15800,ford,door,2012
36000,ford,door,2016
15495,ford,doors,2015
21500,ford,door,2012
7200,ford,door,2016
17589,ford,doors,2015
31700,ford,door,2015
31790,ford,doors,2015
18100,ford,van,2015
14495,ford,doors,2015
15000,ford,fusion,2020
26400,ford,door,2015
27990,ford,doors,2015
19700,ford,expedition,2015
15300,ford,doors,2015
22000,ford,door,2014
23999,ford,doors,2015
16488,ford,doors,2015
12784,ford,doors,2015
23400,ford,doors,2015
9705,ford,door,2017
25999,ford,doors,2015
34977,ford,doors,2015
19000,ford,doors,2015
15995,ford,doors,2015
13487,ford,doors,2015
18707,ford,doors,2015
15290,ford,doors,2015
15600,ford,doors,2015
47000,ford,expedition,2019
16080,ford,doors,2015
50000,ford,max,2019
15268,ford,doors,2015
47500,ford,max,2019
18497,ford,doors,2015
10000,ford,escape,2019
19995,ford,suv,2015
49000,ford,max,2019
17150,ford,doors,2015
45000,ford,expedition,2019
14295,ford,doors,2015
49000,ford,max,2019
16190,ford,doors,2015
49000,ford,expedition,2019
17899,ford,doors,2015
26000,ford,flex,2019
14000,ford,doors,2015
15500,ford,flex,2019
16888,ford,doors,2015
28000,ford,f-150,2019
8305,ford,door,2014
21822,ford,doors,2015
15500,ford,mustang,2019
12500,ford,door,2015
15995,ford,doors,2015
16000,ford,transit,2019
38200,ford,max,2018
12995,ford,doors,2015
14488,ford,doors,2015
17500,ford,door,2016
21995,ford,doors,2015
8500,ford,connect,2015
16593,ford,doors,2015
13000,ford,door,2017
14247,ford,doors,2015
23500,ford,door,2017
16999,ford,doors,2015
25000,ford,door,2017
20159,ford,doors,2015
31000,ford,door,2017
22500,ford,edge,2018
29500,ford,door,2017
59900,ford,max,2020
24000,ford,f-150,2017
20500,ford,f-150,2017
27200,ford,explorer,2019
24900,ford,f-150,2018
24500,ford,door,2017
34000,ford,expedition,2018
28000,ford,door,2017
27000,ford,f-150,2017
34000,ford,wagon,2018
42500,ford,door,2017
33000,ford,explorer,2018
10200,ford,escape,2018
25600,ford,explorer,2019
16300,ford,f-150,2018
26500,ford,door,2016
36500,ford,f-150,2018
25900,ford,explorer,2019
22500,ford,door,2016
29000,ford,f-150,2018
825,ford,door,2012
10500,ford,door,2016
32000,ford,f-150,2018
27700,ford,f-650,2015
4000,ford,door,2015
38800,ford,f-150,2018
26200,ford,f-650,2015
19500,ford,wagon,2018
11700,ford,escape,2015
34000,ford,f-150,2018
38600,ford,srw,2019
21500,ford,door,2015
38500,ford,f-150,2018
38500,ford,f-150,2018
12000,ford,taurus,2017
30500,ford,f-150,2018
11300,ford,door,2016
29500,ford,f-150,2018
16100,ford,expedition,2014
32500,ford,f-150,2018
29000,ford,mustang,2019
30000,ford,f-150,2018
26000,ford,explorer,2019
26000,ford,f-150,2018
18500,ford,escape,2019
12000,ford,door,2017
30000,ford,f-150,2018
14700,ford,escape,2019
25000,ford,door,2017
26550,ford,f-150,2018
27000,ford,explorer,2019
34000,ford,door,2016
27500,ford,f-150,2018
25500,ford,f-150,2018
13500,ford,ecosport,2019
4000,ford,door,2015
25700,ford,f-150,2018
29000,ford,door,2015
30500,ford,f-150,2018
30000,ford,f-150,2018
9000,ford,door,2014
19000,ford,f-150,2018
25800,ford,explorer,2019
26500,ford,f-150,2018
29300,ford,explorer,2019
6300,ford,fiesta,2018
25400,ford,explorer,2019
26000,ford,f-150,2018
7000,ford,focus,2017
25900,ford,f-150,2018
9700,ford,fiesta,2019
27000,ford,f-150,2018
9100,ford,fiesta,2019
28000,ford,f-150,2018
25700,ford,flex,2019
27500,ford,f-150,2018
9400,ford,fiesta,2019
25500,ford,f-150,2018
20500,ford,flex,2019
21500,ford,f-150,2018
12800,ford,hybrid,2019
23900,ford,f-150,2018
9400,ford,fiesta,2019
26900,ford,f-150,2018
25500,ford,flex,2019
27000,ford,f-150,2018
9300,ford,fiesta,2019
14400,ford,fusion,2018
19000,ford,flex,2019
14000,ford,fusion,2018
13600,ford,fusion,2019
19200,ford,transit,2018
13600,ford,fusion,2019
18600,ford,transit,2018
13700,ford,fusion,2019
18200,ford,transit,2018
13800,ford,fusion,2019
22000,ford,wagon,2018
13700,ford,fusion,2019
28000,ford,wagon,2018
13800,ford,fusion,2019
18600,ford,transit,2018
13700,ford,fusion,2019
13700,ford,fusion,2019
13800,ford,fusion,2019
17700,ford,hybrid,2019
13900,ford,fusion,2019
13900,ford,fusion,2019
50500,ford,f-650,2018
13600,ford,fusion,2019
55000,ford,srw,2018
13800,ford,fusion,2019
56000,ford,srw,2018
13800,ford,fusion,2019
45800,ford,srw,2018
13800,ford,fusion,2019
5500,nissan,sentra,2018
14400,nissan,altima,2020
11450,nissan,sport,2018
11000,nissan,sport,2018
11450,nissan,sport,2018
11000,nissan,sport,2018
11200,nissan,sport,2018
11400,nissan,sport,2018
11450,nissan,sport,2018
11050,nissan,sport,2018
11400,nissan,sport,2018
11050,nissan,sport,2018
10850,nissan,sport,2018
10900,nissan,sport,2018
10450,nissan,sport,2018
10800,nissan,sport,2018
10850,nissan,sport,2018
10800,nissan,sport,2018
10850,nissan,sport,2018
10800,nissan,sport,2018
10900,nissan,sport,2018
10400,nissan,sport,2018
10500,nissan,sport,2018
10800,nissan,sport,2018
10800,nissan,sport,2018
11200,nissan,frontier,2019
11100,nissan,rogue,2019
12200,nissan,maxima,2019
4000,nissan,sentra,2019
9000,nissan,versa,2019
14900,nissan,rogue,2019
4600,nissan,rogue,2019
6400,nissan,versa,2019
10400,nissan,note,2019
7800,nissan,versa,2019
12300,nissan,sport,2019
10900,nissan,sentra,2019
8500,nissan,versa,2019
7300,nissan,versa,2019
5900,nissan,versa,2019
20000,nissan,armada,2017
11200,nissan,altima,2018
14400,nissan,rogue,2018
16500,nissan,pathfinder,2018
13400,nissan,rogue,2017
12500,nissan,door,2017
6500,nissan,door,2013
19800,nissan,pathfinder,2018
8800,nissan,versa,2018
12800,nissan,rogue,2018
8800,nissan,versa,2018
3500,nissan,altima,2019
750,nissan,sentra,2018
10800,nissan,door,2017
22300,nissan,titan,2017
8300,nissan,sedan,2018
8300,nissan,sedan,2018
8000,nissan,sedan,2018
15200,nissan,frontier,2018
6700,nissan,sedan,2017
7500,nissan,door,2017
10500,nissan,door,2017
8400,nissan,juke,2017
7000,nissan,door,2015
25500,nissan,armada,2020
4100,nissan,door,2017
13900,nissan,altima,2020
1900,nissan,door,2015
14700,nissan,pathfinder,2017
1900,nissan,door,2013
18800,nissan,titan,2017
7800,nissan,versa,2018
13500,nissan,door,2016
8000,nissan,versa,2018
3300,nissan,door,2013
7200,nissan,sentra,2017
8000,nissan,door,2017
1280,nissan,door,2012
14000,nissan,rogue,2018
3500,nissan,door,2015
600,nissan,door,2012
12500,nissan,sport,2018
5800,nissan,door,2013
8000,nissan,versa,2018
2200,nissan,door,2015
8300,nissan,versa,2018
7500,nissan,door,2016
8000,nissan,versa,2018
3500,nissan,door,2012
8000,nissan,versa,2018
2000,nissan,door,2012
7800,nissan,versa,2018
8000,nissan,versa,2018
18500,nissan,frontier,2019
8000,nissan,versa,2018
18300,nissan,frontier,2019
7500,nissan,versa,2018
29800,nissan,armada,2019
21100,nissan,rogue,2020
16200,nissan,rogue,2019
6998,nissan,doors,2015
14700,nissan,rogue,2020
19000,nissan,cargo,2020
7500,nissan,door,2016
7998,nissan,doors,2015
10999,nissan,doors,2015
2900,nissan,door,2012
8495,nissan,doors,2015
19925,nissan,murano,2016
9500,nissan,sentra,2018
12750,nissan,doors,2015
22800,nissan,door,2015
11621,nissan,doors,2015
11590,nissan,doors,2015
4700,nissan,door,2012
11390,nissan,doors,2015
14500,nissan,rogue,2017
12000,nissan,rogue,2020
15000,nissan,altima,2020
7500,nissan,door,2016
28000,nissan,armada,2018
17500,nissan,maxima,2018
18000,nissan,maxima,2018
13200,nissan,sport,2018
17000,nissan,altima,2018
6700,nissan,xterra,2012
23300,nissan,murano,2018
26800,nissan,titan,2018
18200,nissan,sport,2018
18700,nissan,rogue,2018
12900,nissan,door,2016
16000,nissan,rogue,2018
19400,nissan,rogue,2020
10900,nissan,sentra,2018
15800,nissan,sport,2018
19800,nissan,rogue,2020
19000,nissan,rogue,2018
18000,nissan,rogue,2020
19800,nissan,rogue,2020
19700,nissan,rogue,2020
20100,nissan,rogue,2020
19700,nissan,frontier,2019
23400,nissan,frontier,2019
23300,nissan,frontier,2019
17500,nissan,altima,2019
17100,nissan,altima,2019
15800,nissan,altima,2019
13600,nissan,altima,2019
14400,nissan,altima,2019
19800,nissan,frontier,2019
17200,nissan,altima,2019
20300,nissan,frontier,2019
20500,nissan,frontier,2019
16500,nissan,altima,2019
16000,nissan,altima,2019
14600,nissan,altima,2019
16300,nissan,rogue,2019
15400,nissan,sport,2019
15800,nissan,rogue,2019
15800,nissan,sport,2019
21400,nissan,murano,2018
15300,nissan,kicks,2019
20100,nissan,pathfinder,2019
11300,nissan,sentra,2019
10700,nissan,sentra,2019
16000,nissan,rogue,2018
16600,nissan,rogue,2019
15800,nissan,sport,2019
11600,nissan,sentra,2019
15000,nissan,rogue,2017
17600,nissan,rogue,2019
36300,nissan,xd,2017
15600,nissan,sport,2019
14000,nissan,rogue,2017
16600,nissan,rogue,2019
12600,nissan,sentra,2017
20900,nissan,pathfinder,2019
12700,nissan,door,2017
15600,nissan,sport,2019
18900,nissan,rogue,2019
15700,nissan,sport,2019
21900,nissan,pathfinder,2019
21700,nissan,pathfinder,2019
14600,nissan,rogue,2016
12000,nissan,sentra,2019
21000,nissan,pathfinder,2019
12500,nissan,door,2017
15900,nissan,rogue,2019
11800,nissan,door,2017
9900,nissan,versa,2019
10600,nissan,sentra,2018
10100,nissan,sentra,2018
13300,nissan,sport,2018
10100,nissan,sentra,2018
10300,nissan,sentra,2018
10300,nissan,sentra,2018
10300,nissan,sentra,2018
24000,nissan,murano,2018
10400,nissan,sentra,2018
10200,nissan,sentra,2018
9500,nissan,versa,2018
10500,nissan,sentra,2018
10500,nissan,sentra,2018
3500,nissan,door,2016
9300,nissan,versa,2018
14100,nissan,rogue,2016
2425,nissan,door,2012
925,nissan,door,2012
11000,nissan,rogue,2016
11000,nissan,rogue,2016
2100,nissan,door,2013
800,nissan,door,2012
20400,nissan,pathfinder,2018
375,nissan,door,2017
3000,nissan,door,2015
15100,nissan,rogue,2017
4000,nissan,door,2015
19500,nissan,door,2017
22600,nissan,titan,2017
6500,nissan,door,2014
11800,nissan,door,2012
20500,nissan,pathfinder,2017
14200,nissan,rogue,2018
22000,nissan,frontier,2018
16200,nissan,frontier,2018
4800,nissan,door,2016
16000,nissan,sport,2018
14300,nissan,sport,2018
16800,nissan,pathfinder,2019
11900,nissan,sentra,2018
3000,nissan,door,2015
15000,nissan,rogue,2019
15200,nissan,rogue,2019
18000,nissan,door,2017
22700,nissan,nvp,2016
3800,nissan,door,2015
5475,nissan,door,2018
11400,nissan,sentra,2018
28100,nissan,pathfinder,2018
3500,nissan,sentra,2017
15200,nissan,murano,2016
1950,nissan,door,2015
13400,nissan,rogue,2016
12500,nissan,altima,2018
16500,nissan,pathfinder,2018
16500,nissan,pathfinder,2018
16500,nissan,pathfinder,2018
13900,nissan,rogue,2018
13900,nissan,rogue,2018
1500,nissan,door,2013
16500,nissan,pathfinder,2018
13900,nissan,rogue,2018
16500,nissan,pathfinder,2018
13900,nissan,rogue,2018
12400,nissan,altima,2018
13000,nissan,altima,2018
16500,nissan,pathfinder,2018
13900,nissan,rogue,2018
16500,nissan,pathfinder,2018
13900,nissan,rogue,2018
13900,nissan,rogue,2018
13900,nissan,rogue,2018
12100,nissan,altima,2018
16500,nissan,pathfinder,2018
16500,nissan,pathfinder,2018
13900,nissan,rogue,2018
3700,nissan,door,2015
18800,nissan,pathfinder,2019
9200,nissan,versa,2018
30100,nissan,titan,2019
9200,nissan,versa,2018
11100,nissan,sentra,2019
13900,nissan,rogue,2018
9100,nissan,versa,2018
22800,nissan,frontier,2019
13900,nissan,rogue,2018
12600,nissan,altima,2019
9200,nissan,versa,2018
12100,nissan,altima,2019
9200,nissan,versa,2018
2300,nissan,frontier,2019
13900,nissan,rogue,2018
9500,nissan,sentra,2019
13900,nissan,rogue,2018
1700,nissan,note,2019
13900,nissan,rogue,2018
10400,nissan,sentra,2019
9200,nissan,versa,2018
7400,nissan,versa,2019
9200,nissan,versa,2018
7800,nissan,versa,2019
9200,nissan,versa,2018
9200,nissan,versa,2018
9200,nissan,versa,2018
9200,nissan,versa,2018